SMILES,HOMO,LUMO,NBO_O1,NBO_C3,NBO_C4,NBO_C5,NBO_N12,NBO_C11,NBO_C10,Dipolemoment,R1_Bmin,R1_Bmax,R1_L,R2_Bmin,R2_Bmax,R2_L,C3_Bmin,C3_Bmax,C3_L,DA_C2_C7_C8_N12,DA_C8,DA_N12_C11_C10_O9,ox_CN_v,ox_CN_i,asym1_v,asym1_i,asym2_v,asym2_i,sym1_v,sym1_i,sym2_v,sym2_i,ee_exp,delG_exp
OC1=C(C2=N[C@@H](C3=CC=CC=C3)CO2)C=C(OC)C=C1,-0.21873,-0.04561,-0.658,-0.2501,-0.20084,0.24695,-0.54938,-0.10621,-0.09026,4.2753,2.04,7.56,6.5,2.07,8.42,4.35,1.99,10.21,2.15,-2.094,-122.068,0.352,1673.358,133.9872,1417.5662,77.795,1519.9735,222.1174,1613.3924,108.5621,1637.1724,152.41,51,-0.834470906
OC1=C(C2=N[C@@H](C3=CC=CC=C3)CO2)C=C(C)C=C1,-0.23052,-0.04378,-0.6561,-0.2626,-0.1612,-0.06962,-0.55146,-0.10624,-0.09064,3.0675,2.02,8.05,6.5,2.02,8.27,4.3,1.95,10.12,2.15,-2.675,-118.524,-4.359,1672.525,267.6368,1412.3953,42.1009,1518.8274,118.5751,1613.2434,67.6538,1639.251,122.5231,50,-0.814565038
OC1=C(C2=N[C@@H](C3=CC=CC=C3)CO2)C=C(C(C)(C)C)C=C1,-0.23058,-0.04257,-0.65621,-0.26402,-0.1633,-0.05359,-0.55176,-0.1061,-0.0904,3.0971,2.04,9.11,6.5,2.08,9.49,4.35,2.79,10.15,2.15,-2.265,-120.218,-2.083,1670.302,323.233,1413.5923,38.9598,1515.9263,128.8389,1611.912,73.4585,1637.0837,110.5523,53,-0.875125136
OC1=C(C2=N[C@@H](C3=CC=CC=C3)CO2)C=C(F)C=C1,-0.23807,-0.05284,-0.65383,-0.25193,-0.23138,0.33853,-0.54435,-0.10654,-0.09057,3.4441,2.09,7.46,6.5,1.96,7.9,4.3,1.75,10.26,2.15,-1.859,-123.258,1.815,1674.337,143.7081,1411.1175,30.4345,1521.6105,221.4536,1612.31,110.5813,1644.7641,127.0579,52,-0.854653128
OC1=C(C2=N[C@@H](C3=CC=CC=C3)CO2)C=C(Br)C=C1,-0.2383,-0.05425,-0.65067,-0.25696,-0.18809,-0.12791,-0.54427,-0.10639,-0.0906,3.7583,2.52,7.98,6.45,2,8.35,4.35,1.89,10.11,2.15,-1.813,-122.416,-2.169,1665.756,305.7062,1404.0058,37.002,1502.0531,156.543,1597.8754,46.3262,1634.879,69.4656,68,-1.229491632
OC1=C(C2=N[C@@H](C3=CC=CC=C3)CO2)C=C(I)C=C1,-0.23822,-0.04785,-0.61552,-0.28355,-0.20353,-0.17538,-0.4397,-0.12149,-0.09299,1.3374,1.94,7.79,6.5,2.09,8.5,4.2,2.02,10.16,2.15,-13.033,-118.63,-5.586,1681.778,224.058,1381.1918,11.0154,1502.5869,108.3812,1603.9069,22.1053,1618.383,7.5621,66,-1.175661828
OC1=C(C2=N[C@@H](C3=CC=CC=C3)CO2)C=C([N+]([O-])=O)C=C1,-0.25933,-0.08798,-0.60197,-0.29036,-0.1516,-0.01213,-0.43563,-0.12171,-0.09292,5.0992,1.96,7.64,6.5,2.09,8.72,4.25,1.79,10.31,2.15,-10.051,-123.639,0.847,1684.751,204.6618,1413.5521,2.2598,1515.4177,58.0804,1614.5927,4.6056,1645.0864,81.48,18,-0.269861783
OC1=C(C2=N[C@@H](C3=CC=CC=C3)CO2)C=C(C(F)(F)F)C=C1,-0.25563,-0.05218,-0.60925,-0.29053,-0.14275,-0.19104,-0.43863,-0.12151,-0.093,2.8302,1.95,7.97,6.5,2.1,8.43,4.25,2.12,10.24,2.15,-11.171,-121.38,-2.107,1684.634,219.278,1405.2486,5.2174,1531.4266,19.1603,1531.4266,19.1603,1642.4078,29.6395,77,-1.513042094
OC1=C(C2=N[C@@H](C3=CC=C(F)C=C3)CO2)C=CC=C1,-0.2404,-0.04675,-0.65427,-0.27144,-0.16537,-0.25776,-0.55256,-0.1041,-0.0913,3.3446,2.02,7.7,7.1,1.94,7.67,4.85,1.75,10.7,2.15,-2.726,-117.99,-5.267,1667.771,330.1367,1409.8699,55.9028,1524.566,50.4076,1606.3086,59.4706,1641.3427,93.6344,79,-1.588824009
OC1=C(C2=N[C@@H](C3=CC=CC=C3)CO2)C=CC=C1C4=CC=CC=C4,-0.23008,-0.04888,-0.66136,-0.10904,-0.15074,-0.25125,-0.55054,-0.10544,-0.09017,3.3964,2.22,10.88,6.5,1.94,10.39,4.3,2.25,10.11,6.5,-1.872,-123.207,1.827,1658.485,326.1126,1401.9202,101.9954,1526.5882,39.5103,1601.1814,10.7929,1640.5366,62.3688,59,-1.004909724
OC1=C(C2=N[C@@H](C3=CC=CC=C3)CO2)C=C(Br)C=C1Br,-0.24978,-0.05887,-0.61167,-0.148,-0.22345,-0.1111,-0.43433,-0.12166,-0.09327,0.6573,1.95,8.64,6.5,2.07,8.34,4.2,1.93,10.21,3.7,-12.912,-119.256,-4.859,1682.282,189.5247,1412.1138,46.5687,1475.5241,195.4382,1585.9858,11.9801,1607.5016,0.5115,26,-0.394611651
OC1=C(C2=N[C@@H](C3=CC=CC=C3)[C@@H](C4=CC=CC=C4)O2)C=CC=C1,-0.23935,-0.04687,-0.65187,-0.27142,-0.16629,-0.25852,-0.54695,-0.09196,0.0674,3.089,2.25,6.95,6.5,1.93,8.19,6.5,1.78,10.55,2.15,-0.081,-136.525,17.314,1668.157,334.832,1403.0021,55.7522,1523.6699,70.6567,1606.3002,57.9299,1641.9775,73.9247,58,-0.98236469
OC1=C(C2=N[C@@H](C3=CC=CC=C3)[C@H](C4=CC=CC=C4)O2)C=C(OC)C=C1,-0.2191,-0.04688,-0.65637,-0.25014,-0.2006,0.24703,-0.54724,-0.09144,0.06881,4.3966,2.15,6.95,6.5,4.5,8.47,4.3,2.64,10.47,2.15,0.034,-131.671,12.689,1672.452,124.263,1417.2064,78.1054,1519.5196,230.5734,1612.78,127.5553,1635.8667,157.998,65,-1.149688978
OC1=C(C2=N[C@@H](C3=CC=CC=C3)CO2)C=C(C(C)(C)C)C=C1C(C)(C)C,-0.22673,-0.04021,-0.68077,-0.06208,-0.16995,-0.04341,-0.55566,-0.10501,-0.0902,2.8677,2.14,9.61,6.5,2.07,9.45,4.25,3.2,9.95,4.3,-3.502,-115.558,-8.018,1656.721,312.4306,1411.1624,64.0795,1510.7781,57.5683,1612.8557,70.7442,1637.399,62.6032,72,-1.345945021
OC1=C(C2=N[C@@H](C3=CC=CC=C3)[C@H](C4=CC=CC=C4)O2)C=C(C(C)(C)C)C=C1C(C)(C)C,-0.22703,-0.04137,-0.67849,-0.06201,-0.16992,-0.04344,-0.55302,-0.09002,0.06924,2.9651,2.35,9.17,6.5,4.64,10,4.3,3.81,10.4,4.3,-0.059,-131.702,12.708,1656.351,317.3785,1410.7368,63.3654,1507.8279,33.7649,1612.6341,72.9492,1635.5177,62.96,75,-1.442793231
OC1=C(C2=N[C@@H](C3=CC=CC=C3)[C@@H](C4=CC=CC=C4)O2)C=C(C(C)(C)C)C=C1C(C)(C)C,-0.22726,-0.0419,-0.67921,-0.06226,-0.16949,-0.04333,-0.55437,-0.09028,0.06812,3.0947,2.13,9.73,6.5,2.63,9.3,6.45,3.23,9.72,4.3,-4.437,-108.475,-17.6,1654.542,283.8351,1411.2534,64.1007,1509.9061,38.4673,1612.6224,83.5975,1635.6709,66.4888,82,-1.71544242
OC1=C(C2=N[C@@H](C(C)C)CO2)C=C(C(C)(C)C)C=C1C(C)(C)C,-0.22461,-0.03705,-0.68198,-0.06228,-0.17169,-0.04411,-0.55777,-0.08124,-0.09633,3.1022,2.83,9.59,4.25,2.08,9.48,3.1,3.23,8.6,4.3,-1.565,-115.772,-7.956,1658.821,306.0353,1411.143,61.8678,1514.9837,48.8669,1619.1588,47.8825,1639.5141,65.9875,17,-0.254564169
OC1=C(C2=N[C@@H](C(C)(C)C)CO2)C=C(C(C)(C)C)C=C1C(C)(C)C,-0.22468,-0.03754,-0.68135,-0.06239,-0.17128,-0.04394,-0.56412,-0.08238,-0.10089,3.0164,2.86,9.69,4.25,2.07,9.45,3.05,3.23,8.57,4.3,-2.555,-113.372,-12.918,1656.475,297.6973,1411.4191,44.7912,1515.2345,6.6887,1618.0621,59.0555,1639.7064,64.5672,0,0
OC1=C(C2=N[C@@H](C3=CC=CC=C3)CO2)C=CC4=C1C=CC=C4,-0.22029,-0.05177,-0.65573,-0.11994,-0.02978,-0.2249,-0.55939,-0.10437,-0.08969,2.5638,2.1,9.5,6.5,1.93,9.98,4.3,1.82,10.25,4.3,-1.167,-125.097,4.364,1659.64,80.7082,1424.4008,38.4134,1520.6843,25.3715,1603.5171,44.7742,1648.4952,446.9175,46,-0.737461963
OC1=C(C2=N[C@@H](C3=CC=CC=C3)CO2)C=C4C(C=CC=C4)=C1,-0.22166,-0.06144,-0.65841,-0.259,-0.0211,-0.09694,-0.54059,-0.10728,-0.09086,3.5596,2.03,9.45,6.5,2.02,9.88,4.3,1.81,10.13,2.15,-2.871,-119.297,-3.422,1676.948,516.839,1409.785,21.7427,1555.2104,90.0918,1590.6667,12.8653,1632.0118,61.2442,59,-1.004909724
OC1=C(C2=N[C@@H]3[C@@H](CC4=C3C=CC=C4)O2)C=CC=C1,-0.23688,-0.04353,-0.65363,-0.27188,-0.16786,-0.25907,-0.54266,-0.10514,0.08309,3.5084,2,7.99,6.4,1.92,7.47,5.35,1.79,9.41,2.15,-1.842,-103.303,-9.788,1665.299,284.3792,1406.1827,43.2673,1525.641,62.4371,1606.481,56.4941,1640.8895,79.615,0,0
